Id,Name,Mimetype,url
1pS23a9YL_is-lw81w4luwQsong6lLo6A,IMG-20180603-WA0009.jpg,image/jpeg,http://drive.google.com/uc?id=1pS23a9YL_is-lw81w4luwQsong6lLo6A
1nsYM64A3nYaDztyU9zcCB5IL_JYXSa1P,IMG-20180603-WA0000.jpg,image/jpeg,http://drive.google.com/uc?id=1nsYM64A3nYaDztyU9zcCB5IL_JYXSa1P
1sqemhrlS0Rg-dOvvbcNfohqeWN28LeDx,IMG-20180603-WA0003.jpg,image/jpeg,http://drive.google.com/uc?id=1sqemhrlS0Rg-dOvvbcNfohqeWN28LeDx
1xMrOauT6NuddhSB9il2Wti19rsoL_7bP,IMG-20180603-WA0010.jpg,image/jpeg,http://drive.google.com/uc?id=1xMrOauT6NuddhSB9il2Wti19rsoL_7bP
1n6FKDe2ReOtrHJs_zTZZGxURJLXYw5wL,IMG-20180603-WA0012.jpg,image/jpeg,http://drive.google.com/uc?id=1n6FKDe2ReOtrHJs_zTZZGxURJLXYw5wL
1mFRKQNsVxbpwhp8r8Du2vYk-T6sythll,IMG-20180603-WA0008.jpg,image/jpeg,http://drive.google.com/uc?id=1mFRKQNsVxbpwhp8r8Du2vYk-T6sythll
1ge75L-Bc1clFIpcodgt1R0TIoYGtYzCW,IMG-20180603-WA0002.jpg,image/jpeg,http://drive.google.com/uc?id=1ge75L-Bc1clFIpcodgt1R0TIoYGtYzCW
1mg5x8CIDOqDShPlUEyH46fqhPKgUJdLs,IMG-20180603-WA0001.jpg,image/jpeg,http://drive.google.com/uc?id=1mg5x8CIDOqDShPlUEyH46fqhPKgUJdLs
1jEnQ3ptvTXjUiZkdbzlxAb6vVbWPifFJ,IMG-20180603-WA0002.jpg,image/jpeg,http://drive.google.com/uc?id=1jEnQ3ptvTXjUiZkdbzlxAb6vVbWPifFJ
1_vnF8zo5xILVXPFREvN1edAqLmIkV2HU,IMG-20180603-WA0012.jpg,image/jpeg,http://drive.google.com/uc?id=1_vnF8zo5xILVXPFREvN1edAqLmIkV2HU
1NHkf_ZGEvKLqRWK3ZLUoa_HMNvxoyVxr,IMG-20180603-WA0007.jpg,image/jpeg,http://drive.google.com/uc?id=1NHkf_ZGEvKLqRWK3ZLUoa_HMNvxoyVxr
1dpdYc_oqaL3An1mhgn96hwX6uLu3NFZ2,LRM_EXPORT_20180403_205943.jpg,image/jpeg,http://drive.google.com/uc?id=1dpdYc_oqaL3An1mhgn96hwX6uLu3NFZ2
1aXZ7YGKhGc78co1HrmrbAbHSynyvxxGq,IMG-20180603-WA0009.jpg,image/jpeg,http://drive.google.com/uc?id=1aXZ7YGKhGc78co1HrmrbAbHSynyvxxGq
1Uxqx_DsMN7tlb8EbWBmF4oEadhVY-uq9,IMG_20180411_222714.JPG,image/jpeg,http://drive.google.com/uc?id=1Uxqx_DsMN7tlb8EbWBmF4oEadhVY-uq9
1Dyi13viZSvGbWYvB8uIL7rRRRcrPaNsJ,IMG-20180603-WA0011.jpg,image/jpeg,http://drive.google.com/uc?id=1Dyi13viZSvGbWYvB8uIL7rRRRcrPaNsJ
1Lc6RI27y2k3Arc-XaQJ9uEt44K0tgOzb,IMG-20180603-WA0006.jpg,image/jpeg,http://drive.google.com/uc?id=1Lc6RI27y2k3Arc-XaQJ9uEt44K0tgOzb
1MYttKZAiZjqPp803PO94brOWiYCFGiAd,LRM_EXPORT_20180403_210151.jpg,image/jpeg,http://drive.google.com/uc?id=1MYttKZAiZjqPp803PO94brOWiYCFGiAd
1LNNkb8y7SdoBuMKU_Yu0IbsXIajUWB3m,IMG-20180603-WA0010.jpg,image/jpeg,http://drive.google.com/uc?id=1LNNkb8y7SdoBuMKU_Yu0IbsXIajUWB3m
1GO1UlAG9y96-_dWhpAf0yttM8W0Qz3R-,IMG-20180603-WA0003.jpg,image/jpeg,http://drive.google.com/uc?id=1GO1UlAG9y96-_dWhpAf0yttM8W0Qz3R-
1C_qP8kF83w9su8VZzJkRZCZ0G63EY1Mr,IMG-20180603-WA0008.jpg,image/jpeg,http://drive.google.com/uc?id=1C_qP8kF83w9su8VZzJkRZCZ0G63EY1Mr
16B1sqXp0O9fNWNOnhnt0qAJho84HeZpE,IMG-20180603-WA0011.jpg,image/jpeg,http://drive.google.com/uc?id=16B1sqXp0O9fNWNOnhnt0qAJho84HeZpE
174FUi4aMf0gUy9HBA14KewVGHNsmyIuH,IMG-20180603-WA0007.jpg,image/jpeg,http://drive.google.com/uc?id=174FUi4aMf0gUy9HBA14KewVGHNsmyIuH
14weUWHoOrLXljq0iaKPYa9fe0Ef3Y9PU,IMG-20180603-WA0000.jpg,image/jpeg,http://drive.google.com/uc?id=14weUWHoOrLXljq0iaKPYa9fe0Ef3Y9PU
18gTmXVeNW0wOL_sOO1yWdpBORF9JzmlA,IMG-20180603-WA0006.jpg,image/jpeg,http://drive.google.com/uc?id=18gTmXVeNW0wOL_sOO1yWdpBORF9JzmlA
0ByUaaq_P8qz7ekdOWXgyM3ExRUk,IMG_20160709_123453.jpg,image/jpeg,http://drive.google.com/uc?id=0ByUaaq_P8qz7ekdOWXgyM3ExRUk
0ByUaaq_P8qz7cmJub2pEM2s2dE0,IMG_20161225_150929.jpg,image/jpeg,http://drive.google.com/uc?id=0ByUaaq_P8qz7cmJub2pEM2s2dE0
1-9qF-o9o_FFPpMjzuwX80CArGpx2mdTD,IMG_20180411_222714.JPG,image/jpeg,http://drive.google.com/uc?id=1-9qF-o9o_FFPpMjzuwX80CArGpx2mdTD
12CJf8vHC4Ra3ciVoHMMI-qVDvlYpfJEH,LRM_EXPORT_20180403_210151.jpg,image/jpeg,http://drive.google.com/uc?id=12CJf8vHC4Ra3ciVoHMMI-qVDvlYpfJEH
12_pGl7ELHskxho7eOV4Bcea6BJ1DBxxG,IMG-20180603-WA0001.jpg,image/jpeg,http://drive.google.com/uc?id=12_pGl7ELHskxho7eOV4Bcea6BJ1DBxxG
0ByUaaq_P8qz7cm5qNHBral9kSFU,IMG_20161225_145129.jpg,image/jpeg,http://drive.google.com/uc?id=0ByUaaq_P8qz7cm5qNHBral9kSFU
0ByUaaq_P8qz7clQ1bk9zWjRWOEU,IMG_20170617_093913.jpg,image/jpeg,http://drive.google.com/uc?id=0ByUaaq_P8qz7clQ1bk9zWjRWOEU
0ByUaaq_P8qz7bFlzLUt1b1YzYjg,IMG_20161225_145146.jpg,image/jpeg,http://drive.google.com/uc?id=0ByUaaq_P8qz7bFlzLUt1b1YzYjg
0ByUaaq_P8qz7anpyZzdmcDVqVmc,IMG_20170617_093531.jpg,image/jpeg,http://drive.google.com/uc?id=0ByUaaq_P8qz7anpyZzdmcDVqVmc
0ByUaaq_P8qz7a0o4MzhQOUZ1ZGs,IMG_20161225_145143.jpg,image/jpeg,http://drive.google.com/uc?id=0ByUaaq_P8qz7a0o4MzhQOUZ1ZGs
0ByUaaq_P8qz7aVRnd2k4YnhFc2M,IMG_20160709_124108.jpg,image/jpeg,http://drive.google.com/uc?id=0ByUaaq_P8qz7aVRnd2k4YnhFc2M
0ByUaaq_P8qz7ZTVKLUVIRi1DZDQ,IMG_20161225_145144.jpg,image/jpeg,http://drive.google.com/uc?id=0ByUaaq_P8qz7ZTVKLUVIRi1DZDQ
0ByUaaq_P8qz7Y3luWGstZkVQMjg,IMG_20170413_165537.jpg,image/jpeg,http://drive.google.com/uc?id=0ByUaaq_P8qz7Y3luWGstZkVQMjg
0ByUaaq_P8qz7YVBTaTFnRzNpUHM,IMG_20170617_093858.jpg,image/jpeg,http://drive.google.com/uc?id=0ByUaaq_P8qz7YVBTaTFnRzNpUHM
0ByUaaq_P8qz7VktKUVN6cE16TFk,IMG_20170617_093533.jpg,image/jpeg,http://drive.google.com/uc?id=0ByUaaq_P8qz7VktKUVN6cE16TFk
0ByUaaq_P8qz7VDhOenNSNXc2Vms,IMG_20170225_180431.jpg,image/jpeg,http://drive.google.com/uc?id=0ByUaaq_P8qz7VDhOenNSNXc2Vms
0ByUaaq_P8qz7UkNNWWpwSnA2Q3c,IMG_20170927_172311.jpg,image/jpeg,http://drive.google.com/uc?id=0ByUaaq_P8qz7UkNNWWpwSnA2Q3c
0ByUaaq_P8qz7Uk53VmdjS21LZ0k,IMG_20170617_093910.jpg,image/jpeg,http://drive.google.com/uc?id=0ByUaaq_P8qz7Uk53VmdjS21LZ0k
0ByUaaq_P8qz7UTJuWHlLTnpNaGc,WIN_20170227_17_56_04_Pro.jpg,image/jpeg,http://drive.google.com/uc?id=0ByUaaq_P8qz7UTJuWHlLTnpNaGc
0ByUaaq_P8qz7TlhJMUlaZkF0VHc,IMG_20160709_122832.jpg,image/jpeg,http://drive.google.com/uc?id=0ByUaaq_P8qz7TlhJMUlaZkF0VHc
0ByUaaq_P8qz7SzNyOTVhVTZvN00,IMG_20161224_181505.jpg,image/jpeg,http://drive.google.com/uc?id=0ByUaaq_P8qz7SzNyOTVhVTZvN00
0ByUaaq_P8qz7RjUyb2wxSU43Nnc,IMG_20161225_145147.jpg,image/jpeg,http://drive.google.com/uc?id=0ByUaaq_P8qz7RjUyb2wxSU43Nnc
0ByUaaq_P8qz7RTZLekJnOWJURWs,IMG_20161225_150934_1.jpg,image/jpeg,http://drive.google.com/uc?id=0ByUaaq_P8qz7RTZLekJnOWJURWs
0ByUaaq_P8qz7RTRmdVRkRUhyams,IMG_20161225_150934.jpg,image/jpeg,http://drive.google.com/uc?id=0ByUaaq_P8qz7RTRmdVRkRUhyams
0ByUaaq_P8qz7REFuZy1HQ2hmV28,IMG_20170617_093901.jpg,image/jpeg,http://drive.google.com/uc?id=0ByUaaq_P8qz7REFuZy1HQ2hmV28
0ByUaaq_P8qz7Qk1YampaM1lCNGs,IMG_20170617_093521.jpg,image/jpeg,http://drive.google.com/uc?id=0ByUaaq_P8qz7Qk1YampaM1lCNGs
0ByUaaq_P8qz7OUlBMkYyTjhWNUU,IMG_20170617_093528.jpg,image/jpeg,http://drive.google.com/uc?id=0ByUaaq_P8qz7OUlBMkYyTjhWNUU
0ByUaaq_P8qz7OUVfYWdwRW4zSGc,IMG_20170617_093915.jpg,image/jpeg,http://drive.google.com/uc?id=0ByUaaq_P8qz7OUVfYWdwRW4zSGc
0ByUaaq_P8qz7OHA0dEhOR0ZDUGc,IMG_20170617_093518.jpg,image/jpeg,http://drive.google.com/uc?id=0ByUaaq_P8qz7OHA0dEhOR0ZDUGc
0ByUaaq_P8qz7Nm9rRUdlWnlDNzg,IMG_20161225_145131.jpg,image/jpeg,http://drive.google.com/uc?id=0ByUaaq_P8qz7Nm9rRUdlWnlDNzg
0ByUaaq_P8qz7N1FmZnFxOWVEbm8,IMG_20161224_181507.jpg,image/jpeg,http://drive.google.com/uc?id=0ByUaaq_P8qz7N1FmZnFxOWVEbm8
0ByUaaq_P8qz7Mms3QnJGX1pLUFU,IMG_20170617_093920.jpg,image/jpeg,http://drive.google.com/uc?id=0ByUaaq_P8qz7Mms3QnJGX1pLUFU
0ByUaaq_P8qz7Mkh3NENPQkNJbGM,IMG_20170617_093856.jpg,image/jpeg,http://drive.google.com/uc?id=0ByUaaq_P8qz7Mkh3NENPQkNJbGM
0ByUaaq_P8qz7MEI1ZmFVdDgtMWs,IMG_20161225_150927.jpg,image/jpeg,http://drive.google.com/uc?id=0ByUaaq_P8qz7MEI1ZmFVdDgtMWs
0ByUaaq_P8qz7LVhfcjRUV1dBbTQ,WIN_20170227_17_55_51_Pro.jpg,image/jpeg,http://drive.google.com/uc?id=0ByUaaq_P8qz7LVhfcjRUV1dBbTQ
1T6u9cMchjc5lGv3i08oxmqoLJWajvbcn,IMG_20180602_160448.jpg,image/jpeg,http://drive.google.com/uc?id=1T6u9cMchjc5lGv3i08oxmqoLJWajvbcn
1TZidIuH9fRvpYDAIEtK2sUUnm8f-6GaS,IMG_20180602_155748.jpg,image/jpeg,http://drive.google.com/uc?id=1TZidIuH9fRvpYDAIEtK2sUUnm8f-6GaS
1Uzz7Wbu5jnjTrhb6jYneJqIuEauhBnVC,IMG_20180602_153541.jpg,image/jpeg,http://drive.google.com/uc?id=1Uzz7Wbu5jnjTrhb6jYneJqIuEauhBnVC
1WWcmPuc9Jt6MSjUOQZK5QDthZGki2WF3,IMG_20180602_154210.jpg,image/jpeg,http://drive.google.com/uc?id=1WWcmPuc9Jt6MSjUOQZK5QDthZGki2WF3
1PjzY68WryjUguz0mDBxcNC6P-C6L_Jh2,LRM_EXPORT_20180430_193405.jpg,image/jpeg,http://drive.google.com/uc?id=1PjzY68WryjUguz0mDBxcNC6P-C6L_Jh2
1PNJmBIqcyPSUTFr6VsadEeqcBmcCs048,IMG_20180602_135907.jpg,image/jpeg,http://drive.google.com/uc?id=1PNJmBIqcyPSUTFr6VsadEeqcBmcCs048
1QEAQwHTcmxGtbLfWARhmB44oLFkSQb19,LRM_EXPORT_20180411_124616.jpg,image/jpeg,http://drive.google.com/uc?id=1QEAQwHTcmxGtbLfWARhmB44oLFkSQb19
1R8VgTPo8nWQHvaiZeR7VM67Lh3MPYds5,LRM_EXPORT_20180411_124503.jpg,image/jpeg,http://drive.google.com/uc?id=1R8VgTPo8nWQHvaiZeR7VM67Lh3MPYds5
1NpkKxXBbmdCFjKy5fBxmmPc07IwiwpJz,IMG_20180602_155509.jpg,image/jpeg,http://drive.google.com/uc?id=1NpkKxXBbmdCFjKy5fBxmmPc07IwiwpJz
1OqIejrRIkECwhD5g15ohSt5oh73rAaeB,IMG_20180602_135856.jpg,image/jpeg,http://drive.google.com/uc?id=1OqIejrRIkECwhD5g15ohSt5oh73rAaeB
1NSb2jzEPTxojJGZC2zBeVzzrOAn_ZsnC,LRM_EXPORT_20180421_171246.jpg,image/jpeg,http://drive.google.com/uc?id=1NSb2jzEPTxojJGZC2zBeVzzrOAn_ZsnC
1Nbqzb2LAxldEkXTk1cAMlsrA4e6KLFu-,IMG_20180602_155705.jpg,image/jpeg,http://drive.google.com/uc?id=1Nbqzb2LAxldEkXTk1cAMlsrA4e6KLFu-
1IZMUrnQarOZHvmxiJzpn1Mrcgmr7YhWv,IMG_20180602_152456.jpg,image/jpeg,http://drive.google.com/uc?id=1IZMUrnQarOZHvmxiJzpn1Mrcgmr7YhWv
1K2_V95Di1rTFd5e32Uhb9gF6aAXfU8cl,IMG_20180602_155522.jpg,image/jpeg,http://drive.google.com/uc?id=1K2_V95Di1rTFd5e32Uhb9gF6aAXfU8cl
1KGHjs5NJ2SvXJNhi7cUGJN-tyRBTMoqG,IMG_20180602_160450.jpg,image/jpeg,http://drive.google.com/uc?id=1KGHjs5NJ2SvXJNhi7cUGJN-tyRBTMoqG
1MXppWLmEuFCNoJc0TTy0gaz35w96682N,IMG_20180602_152407.jpg,image/jpeg,http://drive.google.com/uc?id=1MXppWLmEuFCNoJc0TTy0gaz35w96682N
1L2trfxC5zb-o3c-upp5ZfEkL-0P-Di3z,IMG_20180602_152439.jpg,image/jpeg,http://drive.google.com/uc?id=1L2trfxC5zb-o3c-upp5ZfEkL-0P-Di3z
1Ca4P_rIAnuB0yVdW0OktPrGOJdqHwyPL,LRM_EXPORT_20180421_171246.jpg,image/jpeg,http://drive.google.com/uc?id=1Ca4P_rIAnuB0yVdW0OktPrGOJdqHwyPL
1FX29fG7IcJqwU0CkzCFiy79DLqfXylUe,IMG_20180602_153529.jpg,image/jpeg,http://drive.google.com/uc?id=1FX29fG7IcJqwU0CkzCFiy79DLqfXylUe
1Eat6INIXuDNgMHQlf_A6t5MexWlNjZ2u,IMG_20180602_153449.jpg,image/jpeg,http://drive.google.com/uc?id=1Eat6INIXuDNgMHQlf_A6t5MexWlNjZ2u
1Exf5nqJb7Z7XNu6IgGXsIFBn5r1M2Fos,IMG_20180602_154829.jpg,image/jpeg,http://drive.google.com/uc?id=1Exf5nqJb7Z7XNu6IgGXsIFBn5r1M2Fos
1DoaZzT14I0RyPODzd5ryhCkYbhh4SU5n,LRM_EXPORT_20180430_193806.jpg,image/jpeg,http://drive.google.com/uc?id=1DoaZzT14I0RyPODzd5ryhCkYbhh4SU5n
1ISo16CeSCxXE0_36GTpGFA2XMTzlvFYo,LRM_EXPORT_20180411_124616.jpg,image/jpeg,http://drive.google.com/uc?id=1ISo16CeSCxXE0_36GTpGFA2XMTzlvFYo
16-Qxh232RuepQHDQs7SMpQlY-378l1S8,IMG_20180602_152329.jpg,image/jpeg,http://drive.google.com/uc?id=16-Qxh232RuepQHDQs7SMpQlY-378l1S8
137vfMaZDYWlNPwidd3Ddu_K-v2s4S1gz,IMG_20180602_152256.jpg,image/jpeg,http://drive.google.com/uc?id=137vfMaZDYWlNPwidd3Ddu_K-v2s4S1gz
14TXSdpE_VXeSdc-4F_tRgJOTJZ6cQoIj,IMG_20180602_152232.jpg,image/jpeg,http://drive.google.com/uc?id=14TXSdpE_VXeSdc-4F_tRgJOTJZ6cQoIj
14nd1yWHJLccv5LeTRlz988hP2oA6aWfn,IMG_20180602_154246.jpg,image/jpeg,http://drive.google.com/uc?id=14nd1yWHJLccv5LeTRlz988hP2oA6aWfn
1AP_1F-9h5cYN1aXGdHF028ZtC494YE75,IMG_20180602_155523.jpg,image/jpeg,http://drive.google.com/uc?id=1AP_1F-9h5cYN1aXGdHF028ZtC494YE75
0ByUaaq_P8qz7emdiNHJTcXRHYWc,IMG_20160709_123452.jpg,image/jpeg,http://drive.google.com/uc?id=0ByUaaq_P8qz7emdiNHJTcXRHYWc
0ByUaaq_P8qz7elU2Z1U2MDN1RFk,IMG_20170109_125451.jpg,image/jpeg,http://drive.google.com/uc?id=0ByUaaq_P8qz7elU2Z1U2MDN1RFk
0ByUaaq_P8qz7ek94c2hEN0lic0U,IMG_20170225_180523.jpg,image/jpeg,http://drive.google.com/uc?id=0ByUaaq_P8qz7ek94c2hEN0lic0U
0ByUaaq_P8qz7ei14cWpESVVabkU,IMG_20161225_161420.jpg,image/jpeg,http://drive.google.com/uc?id=0ByUaaq_P8qz7ei14cWpESVVabkU
0ByUaaq_P8qz7eWwzdjVuR1g4NTg,IMG_20161225_163948.jpg,image/jpeg,http://drive.google.com/uc?id=0ByUaaq_P8qz7eWwzdjVuR1g4NTg
11j2Scompfq10J6nK51OZ3Mlo7gEzHqNM,IMG_20180602_152229.jpg,image/jpeg,http://drive.google.com/uc?id=11j2Scompfq10J6nK51OZ3Mlo7gEzHqNM
0ByUaaq_P8qz7eWV3TUl1SlpvYlU,IMG_20170923_112241.jpg,image/jpeg,http://drive.google.com/uc?id=0ByUaaq_P8qz7eWV3TUl1SlpvYlU
0ByUaaq_P8qz7eUxZdWQzTmVxbDA,IMG_20170109_125538.jpg,image/jpeg,http://drive.google.com/uc?id=0ByUaaq_P8qz7eUxZdWQzTmVxbDA
0ByUaaq_P8qz7eUF0UGJhc3Z1OVE,IMG_20170225_180541.jpg,image/jpeg,http://drive.google.com/uc?id=0ByUaaq_P8qz7eUF0UGJhc3Z1OVE
0ByUaaq_P8qz7eHBlSHNFSTNqMlU,IMG_20170923_112142.jpg,image/jpeg,http://drive.google.com/uc?id=0ByUaaq_P8qz7eHBlSHNFSTNqMlU
0ByUaaq_P8qz7eGF6MXZMZmpCMHM,IMG_20170109_125425.jpg,image/jpeg,http://drive.google.com/uc?id=0ByUaaq_P8qz7eGF6MXZMZmpCMHM
0ByUaaq_P8qz7dXh6TmZ1R0NLZWs,IMG_20170927_171721.jpg,image/jpeg,http://drive.google.com/uc?id=0ByUaaq_P8qz7dXh6TmZ1R0NLZWs
0ByUaaq_P8qz7d3RGWmljYVBobVE,IMG_20171007_184140.jpg,image/jpeg,http://drive.google.com/uc?id=0ByUaaq_P8qz7d3RGWmljYVBobVE
0ByUaaq_P8qz7d3A0RjdyV3ZGc1k,IMG_20161224_180344.jpg,image/jpeg,http://drive.google.com/uc?id=0ByUaaq_P8qz7d3A0RjdyV3ZGc1k
0ByUaaq_P8qz7dXRFelJFQjRPSjA,IMG_20171007_184205.jpg,image/jpeg,http://drive.google.com/uc?id=0ByUaaq_P8qz7dXRFelJFQjRPSjA
0ByUaaq_P8qz7dUdOeWdpVWEwbm8,IMG_20170923_112129.jpg,image/jpeg,http://drive.google.com/uc?id=0ByUaaq_P8qz7dUdOeWdpVWEwbm8
0ByUaaq_P8qz7dG52SDl5UVoyUzg,IMG_20161224_180306.jpg,image/jpeg,http://drive.google.com/uc?id=0ByUaaq_P8qz7dG52SDl5UVoyUzg
0ByUaaq_P8qz7dF81SERmQ2FYWWM,IMG_20170927_171709.jpg,image/jpeg,http://drive.google.com/uc?id=0ByUaaq_P8qz7dF81SERmQ2FYWWM
0ByUaaq_P8qz7clRlQURRWF9XdEk,IMG_20170109_125534.jpg,image/jpeg,http://drive.google.com/uc?id=0ByUaaq_P8qz7clRlQURRWF9XdEk
0ByUaaq_P8qz7cVJ5VFAyZDlBTWM,IMG_20171007_161909.jpg,image/jpeg,http://drive.google.com/uc?id=0ByUaaq_P8qz7cVJ5VFAyZDlBTWM
0ByUaaq_P8qz7cVJlWWRKdzZ6MVk,IMG_20170923_112138.jpg,image/jpeg,http://drive.google.com/uc?id=0ByUaaq_P8qz7cVJlWWRKdzZ6MVk
0ByUaaq_P8qz7cThuSDdmWjNPSU0,IMG_20171007_184208.jpg,image/jpeg,http://drive.google.com/uc?id=0ByUaaq_P8qz7cThuSDdmWjNPSU0
0ByUaaq_P8qz7cGpmOEloQWs5LUE,IMG_20160923_143841.jpg,image/jpeg,http://drive.google.com/uc?id=0ByUaaq_P8qz7cGpmOEloQWs5LUE
0ByUaaq_P8qz7bmJHMFFzeUNHeEk,IMG_20161225_161441.jpg,image/jpeg,http://drive.google.com/uc?id=0ByUaaq_P8qz7bmJHMFFzeUNHeEk
0ByUaaq_P8qz7bjhyb3FlaVRwcm8,IMG_20170109_125547.jpg,image/jpeg,http://drive.google.com/uc?id=0ByUaaq_P8qz7bjhyb3FlaVRwcm8
1wfSRnSHvjT8pYG8FCQQvKvJZyCXjUnIC,IMG_20180602_153505.jpg,image/jpeg,http://drive.google.com/uc?id=1wfSRnSHvjT8pYG8FCQQvKvJZyCXjUnIC
1zbASZAm55Z_c_NBcp3-nQ6h_JkTIW_Q1,IMG_20180729_181046.jpg,image/jpeg,http://drive.google.com/uc?id=1zbASZAm55Z_c_NBcp3-nQ6h_JkTIW_Q1
1yOOQbp7Duw9TRGIaf2fmTG5FUBk1X78-,IMG_20180602_152232.jpg,image/jpeg,http://drive.google.com/uc?id=1yOOQbp7Duw9TRGIaf2fmTG5FUBk1X78-
1y6nrZbhPBYE_QQa-CbI65B-hZbYUANfr,IMG_20180602_155745.jpg,image/jpeg,http://drive.google.com/uc?id=1y6nrZbhPBYE_QQa-CbI65B-hZbYUANfr
1wUaQCkHgN_loWk7er7725JWpAZbDuzrK,IMG_20180602_152329.jpg,image/jpeg,http://drive.google.com/uc?id=1wUaQCkHgN_loWk7er7725JWpAZbDuzrK
1s3zJ2CQ1qzvRqfqvebl74saR5appCAyf,IMG_20180602_153607.jpg,image/jpeg,http://drive.google.com/uc?id=1s3zJ2CQ1qzvRqfqvebl74saR5appCAyf
1wDQ8dTvybpbLWeufnoS9eRjTaLXcrjN6,IMG_20180729_181048.jpg,image/jpeg,http://drive.google.com/uc?id=1wDQ8dTvybpbLWeufnoS9eRjTaLXcrjN6
1sryUmFEFH_0FVo8yW7kMo38PvUDeDqD6,IMG_20180602_153628.jpg,image/jpeg,http://drive.google.com/uc?id=1sryUmFEFH_0FVo8yW7kMo38PvUDeDqD6
1rzGsXBY0x8AwmV0lSAVN0V8-Q2DnYPOj,IMG_20180602_153604.jpg,image/jpeg,http://drive.google.com/uc?id=1rzGsXBY0x8AwmV0lSAVN0V8-Q2DnYPOj
1vYSrC_P7WPsGa-juaAEb4kQtf_d_aeUQ,IMG_20180602_155745.jpg,image/jpeg,http://drive.google.com/uc?id=1vYSrC_P7WPsGa-juaAEb4kQtf_d_aeUQ
1tVYoDXsxmt4sSf3RrJrkPHI87TNeR-40,IMG_20180602_154815.jpg,image/jpeg,http://drive.google.com/uc?id=1tVYoDXsxmt4sSf3RrJrkPHI87TNeR-40
1oiCvV-TPPPGc2StCiFTsSW-g99-h678U,IMG_20180602_153548.jpg,image/jpeg,http://drive.google.com/uc?id=1oiCvV-TPPPGc2StCiFTsSW-g99-h678U
1rOr4o4KOpqxOOXuTz2ZnEM1nDqWbrMTU,IMG_20180602_154827.jpg,image/jpeg,http://drive.google.com/uc?id=1rOr4o4KOpqxOOXuTz2ZnEM1nDqWbrMTU
1oofaS7l6V1qIeOMv04FzLCe_kG9xibMM,IMG_20180602_135947.jpg,image/jpeg,http://drive.google.com/uc?id=1oofaS7l6V1qIeOMv04FzLCe_kG9xibMM
1o8aJ_tDU8fNo5UPyAnxFHJSX-La7ZxOh,LRM_EXPORT_20180411_124503.jpg,image/jpeg,http://drive.google.com/uc?id=1o8aJ_tDU8fNo5UPyAnxFHJSX-La7ZxOh
1oHi44V2Q8zLwyXryLDReL9zCcKwCoVSB,IMG_20180602_152450.jpg,image/jpeg,http://drive.google.com/uc?id=1oHi44V2Q8zLwyXryLDReL9zCcKwCoVSB
1pRXhWP1vItAjZgmKKbxPDselo-MR9aId,IMG_20180602_152229.jpg,image/jpeg,http://drive.google.com/uc?id=1pRXhWP1vItAjZgmKKbxPDselo-MR9aId
1hJJX0_JUV4i3KY-TmF6MnjPTLsSQlopx,IMG_20180602_153526.jpg,image/jpeg,http://drive.google.com/uc?id=1hJJX0_JUV4i3KY-TmF6MnjPTLsSQlopx
1mc9cqxgQ0jLz5jXwLg56U475aeouznIz,IMG_20180602_153630.jpg,image/jpeg,http://drive.google.com/uc?id=1mc9cqxgQ0jLz5jXwLg56U475aeouznIz
1n1Vbdj0qZcLyjUMnbPHhSHInI_14luWp,IMG_20180602_152330.jpg,image/jpeg,http://drive.google.com/uc?id=1n1Vbdj0qZcLyjUMnbPHhSHInI_14luWp
1hr_Zr0jxTJJj4QyEfWK4KWZzRQg2YKYn,IMG_20180602_155746.jpg,image/jpeg,http://drive.google.com/uc?id=1hr_Zr0jxTJJj4QyEfWK4KWZzRQg2YKYn
1lA8M9KAKj1Gs1DhqGpDA3LdWklYwWhkm,IMG_20180602_135831.jpg,image/jpeg,http://drive.google.com/uc?id=1lA8M9KAKj1Gs1DhqGpDA3LdWklYwWhkm
1jp8sPQDdVbyIIMBDZVtV5Dy2G7tC2cQo,IMG_20180602_153745.jpg,image/jpeg,http://drive.google.com/uc?id=1jp8sPQDdVbyIIMBDZVtV5Dy2G7tC2cQo
1hBK6TO0zIyisJSv6sQN-N3NzIOWhBk-F,IMG_20180602_135943.jpg,image/jpeg,http://drive.google.com/uc?id=1hBK6TO0zIyisJSv6sQN-N3NzIOWhBk-F
1eRRfJ5cveziFn-wM7qC49t2_ncxSuGT7,LRM_EXPORT_20180430_193806.jpg,image/jpeg,http://drive.google.com/uc?id=1eRRfJ5cveziFn-wM7qC49t2_ncxSuGT7
1fV2fpXwY6TXTO7wfJRNm3DbBY0-S30VL,IMG_20180729_181042.jpg,image/jpeg,http://drive.google.com/uc?id=1fV2fpXwY6TXTO7wfJRNm3DbBY0-S30VL
1f6wsRzJZlNq9jnsg4SYHDSJ2qnElzvfA,IMG_20180602_153736.jpg,image/jpeg,http://drive.google.com/uc?id=1f6wsRzJZlNq9jnsg4SYHDSJ2qnElzvfA
1_Ug89Gy1IbFhVq7cKlnBhtRNMDRcxg2l,IMG_20180602_153544.jpg,image/jpeg,http://drive.google.com/uc?id=1_Ug89Gy1IbFhVq7cKlnBhtRNMDRcxg2l
1gsxLS5BTMxUHrZFEni2rysNwG9cL8DyK,IMG_20180602_135903.jpg,image/jpeg,http://drive.google.com/uc?id=1gsxLS5BTMxUHrZFEni2rysNwG9cL8DyK
1XD3OsDWSYt9kKInaW-jzQQ35B9T9aZee,IMG_20180602_155749.jpg,image/jpeg,http://drive.google.com/uc?id=1XD3OsDWSYt9kKInaW-jzQQ35B9T9aZee
1WgqnrhXpl89ECGFpuNVnIZdbUzyRnc37,IMG_20180602_153743.jpg,image/jpeg,http://drive.google.com/uc?id=1WgqnrhXpl89ECGFpuNVnIZdbUzyRnc37
1XjeGD-bUlDZCrq_f5YL7RJujWT8a-NLM,IMG_20180602_152254.jpg,image/jpeg,http://drive.google.com/uc?id=1XjeGD-bUlDZCrq_f5YL7RJujWT8a-NLM
1YbgHIPB9TNijhehT9yXSJMU7p48kEWD0,LRM_EXPORT_20180430_193405.jpg,image/jpeg,http://drive.google.com/uc?id=1YbgHIPB9TNijhehT9yXSJMU7p48kEWD0
1Xj5t0fjmsbf5A35eXFTgr0Jy_ELL41iZ,IMG_20180602_152327.jpg,image/jpeg,http://drive.google.com/uc?id=1Xj5t0fjmsbf5A35eXFTgr0Jy_ELL41iZ
0ByUaaq_P8qz7b3lUUnprSTJLWGM,IMG_20170923_112156.jpg,image/jpeg,http://drive.google.com/uc?id=0ByUaaq_P8qz7b3lUUnprSTJLWGM
0ByUaaq_P8qz7b0x2NEptMTVsX3c,IMG_20170923_112139.jpg,image/jpeg,http://drive.google.com/uc?id=0ByUaaq_P8qz7b0x2NEptMTVsX3c
0ByUaaq_P8qz7bXlXbmlrUTFyR0E,IMG_20170109_125559.jpg,image/jpeg,http://drive.google.com/uc?id=0ByUaaq_P8qz7bXlXbmlrUTFyR0E
0ByUaaq_P8qz7bW9BalJYVThQVzQ,IMG_20170109_125511.jpg,image/jpeg,http://drive.google.com/uc?id=0ByUaaq_P8qz7bW9BalJYVThQVzQ
0ByUaaq_P8qz7bWNMd1Vyc0NETEE,IMG_20170109_125410.jpg,image/jpeg,http://drive.google.com/uc?id=0ByUaaq_P8qz7bWNMd1Vyc0NETEE
0ByUaaq_P8qz7bGNsbUlwdTNPS2s,IMG_20170225_180547.jpg,image/jpeg,http://drive.google.com/uc?id=0ByUaaq_P8qz7bGNsbUlwdTNPS2s
0ByUaaq_P8qz7alFmYThGSTBXSm8,IMG_20170923_112302.jpg,image/jpeg,http://drive.google.com/uc?id=0ByUaaq_P8qz7alFmYThGSTBXSm8
0ByUaaq_P8qz7aWV5ODZramdndlE,IMG_20170302_160051.jpg,image/jpeg,http://drive.google.com/uc?id=0ByUaaq_P8qz7aWV5ODZramdndlE
0ByUaaq_P8qz7aU53d0ttMk5RSlk,IMG_20170225_180513.jpg,image/jpeg,http://drive.google.com/uc?id=0ByUaaq_P8qz7aU53d0ttMk5RSlk
0ByUaaq_P8qz7aUlkLTRLYjRFdHc,nairobi.jpg,image/jpeg,http://drive.google.com/uc?id=0ByUaaq_P8qz7aUlkLTRLYjRFdHc
0ByUaaq_P8qz7aUE3SmQ1SVpqRkE,IMG_20171007_174433.jpg,image/jpeg,http://drive.google.com/uc?id=0ByUaaq_P8qz7aUE3SmQ1SVpqRkE
0ByUaaq_P8qz7aFVkc05XLXozc28,IMG_20161224_084400.jpg,image/jpeg,http://drive.google.com/uc?id=0ByUaaq_P8qz7aFVkc05XLXozc28
0ByUaaq_P8qz7a2xjaHV3RWU4YWc,IMG_20161225_144007.jpg,image/jpeg,http://drive.google.com/uc?id=0ByUaaq_P8qz7a2xjaHV3RWU4YWc
0ByUaaq_P8qz7ZklCMnNMa0RXUXc,IMG_20161224_084351.jpg,image/jpeg,http://drive.google.com/uc?id=0ByUaaq_P8qz7ZklCMnNMa0RXUXc
0ByUaaq_P8qz7ZjJWUVhoRGsya2s,IMG_20161225_144025.jpg,image/jpeg,http://drive.google.com/uc?id=0ByUaaq_P8qz7ZjJWUVhoRGsya2s
0ByUaaq_P8qz7ZXJ5OU9fbHFKQzQ,IMG_20171007_174442.jpg,image/jpeg,http://drive.google.com/uc?id=0ByUaaq_P8qz7ZXJ5OU9fbHFKQzQ
0ByUaaq_P8qz7ZVpwd2pxak5lRG8,IMG_20170109_125428.jpg,image/jpeg,http://drive.google.com/uc?id=0ByUaaq_P8qz7ZVpwd2pxak5lRG8
0ByUaaq_P8qz7Z2VWZm1iSkJKeGc,IMG_20170923_112249.jpg,image/jpeg,http://drive.google.com/uc?id=0ByUaaq_P8qz7Z2VWZm1iSkJKeGc
0ByUaaq_P8qz7ZGhsRENoSlB4LWs,IMG_20171007_184202.jpg,image/jpeg,http://drive.google.com/uc?id=0ByUaaq_P8qz7ZGhsRENoSlB4LWs
0ByUaaq_P8qz7ZExyQ0hLRXFBTUE,IMG_20161225_164002.jpg,image/jpeg,http://drive.google.com/uc?id=0ByUaaq_P8qz7ZExyQ0hLRXFBTUE
0ByUaaq_P8qz7ZEg0bTdFU2lfUk0,IMG_20170923_112158.jpg,image/jpeg,http://drive.google.com/uc?id=0ByUaaq_P8qz7ZEg0bTdFU2lfUk0
0ByUaaq_P8qz7ZDU1enlPRVBKX2M,IMG_20170927_171658.jpg,image/jpeg,http://drive.google.com/uc?id=0ByUaaq_P8qz7ZDU1enlPRVBKX2M
0ByUaaq_P8qz7XzVneVJLWkVVT2c,IMG_20161225_144023.jpg,image/jpeg,http://drive.google.com/uc?id=0ByUaaq_P8qz7XzVneVJLWkVVT2c
0ByUaaq_P8qz7X2lrcXVkWGkyZWs,IMG_20170927_171654.jpg,image/jpeg,http://drive.google.com/uc?id=0ByUaaq_P8qz7X2lrcXVkWGkyZWs
0ByUaaq_P8qz7X01TN0VjbWFpWXM,IMG_20161224_084336.jpg,image/jpeg,http://drive.google.com/uc?id=0ByUaaq_P8qz7X01TN0VjbWFpWXM
0ByUaaq_P8qz7X0lNSF82elFEMXM,IMG_20161224_084359.jpg,image/jpeg,http://drive.google.com/uc?id=0ByUaaq_P8qz7X0lNSF82elFEMXM
0ByUaaq_P8qz7X0ZqQkRpZmpsa0U,IMG_20170109_125520.jpg,image/jpeg,http://drive.google.com/uc?id=0ByUaaq_P8qz7X0ZqQkRpZmpsa0U
0ByUaaq_P8qz7WmlmbDJ2a1ZoQnc,IMG_20171007_123252.jpg,image/jpeg,http://drive.google.com/uc?id=0ByUaaq_P8qz7WmlmbDJ2a1ZoQnc
0ByUaaq_P8qz7WkpEY05wSllSbTg,IMG_20170923_112215.jpg,image/jpeg,http://drive.google.com/uc?id=0ByUaaq_P8qz7WkpEY05wSllSbTg
0ByUaaq_P8qz7WjhENWItZzEyU2M,IMG_20171007_174505.jpg,image/jpeg,http://drive.google.com/uc?id=0ByUaaq_P8qz7WjhENWItZzEyU2M
0ByUaaq_P8qz7WXBJTk1Sc1k2c1E,IMG_20161224_180257.jpg,image/jpeg,http://drive.google.com/uc?id=0ByUaaq_P8qz7WXBJTk1Sc1k2c1E
0ByUaaq_P8qz7WUpPVXlCZ082eEk,IMG_20170923_112244.jpg,image/jpeg,http://drive.google.com/uc?id=0ByUaaq_P8qz7WUpPVXlCZ082eEk
0ByUaaq_P8qz7WURmb0wwMUdmOE0,IMG_20171007_184125.jpg,image/jpeg,http://drive.google.com/uc?id=0ByUaaq_P8qz7WURmb0wwMUdmOE0
0ByUaaq_P8qz7WFBidDhMaU96Q2s,IMG_20171007_174403.jpg,image/jpeg,http://drive.google.com/uc?id=0ByUaaq_P8qz7WFBidDhMaU96Q2s
0ByUaaq_P8qz7WEpiZlo4Yk9OSjA,IMG_20161225_150932.jpg,image/jpeg,http://drive.google.com/uc?id=0ByUaaq_P8qz7WEpiZlo4Yk9OSjA
0ByUaaq_P8qz7VkhjSWFCWlhkSUk,IMG_20161225_144009.jpg,image/jpeg,http://drive.google.com/uc?id=0ByUaaq_P8qz7VkhjSWFCWlhkSUk
0ByUaaq_P8qz7V0dzNVJsNWZxOHM,IMG_20161225_161413.jpg,image/jpeg,http://drive.google.com/uc?id=0ByUaaq_P8qz7V0dzNVJsNWZxOHM
0ByUaaq_P8qz7VS1MQjY0VkZqdnc,IMG_20170923_112108.jpg,image/jpeg,http://drive.google.com/uc?id=0ByUaaq_P8qz7VS1MQjY0VkZqdnc
0ByUaaq_P8qz7VHdFaVR0UmZySnM,IMG_20161225_161439.jpg,image/jpeg,http://drive.google.com/uc?id=0ByUaaq_P8qz7VHdFaVR0UmZySnM
0ByUaaq_P8qz7VDBHTm1aTEg3Y2M,IMG_20171007_174436.jpg,image/jpeg,http://drive.google.com/uc?id=0ByUaaq_P8qz7VDBHTm1aTEg3Y2M
0ByUaaq_P8qz7UkQ2U0NZZWNfdEE,IMG_20170225_180546.jpg,image/jpeg,http://drive.google.com/uc?id=0ByUaaq_P8qz7UkQ2U0NZZWNfdEE
0ByUaaq_P8qz7UHdlUUtHVnBLREk,IMG_20170923_112133.jpg,image/jpeg,http://drive.google.com/uc?id=0ByUaaq_P8qz7UHdlUUtHVnBLREk
0ByUaaq_P8qz7UHFkM1dncHJxMHM,IMG_20171007_184159.jpg,image/jpeg,http://drive.google.com/uc?id=0ByUaaq_P8qz7UHFkM1dncHJxMHM
0ByUaaq_P8qz7UE5kNlVSVm00RzQ,IMG_20170927_171727.jpg,image/jpeg,http://drive.google.com/uc?id=0ByUaaq_P8qz7UE5kNlVSVm00RzQ
0ByUaaq_P8qz7UDZNcHQtMXR3VzA,IMG_20161225_144022.jpg,image/jpeg,http://drive.google.com/uc?id=0ByUaaq_P8qz7UDZNcHQtMXR3VzA
0ByUaaq_P8qz7T2FuME9zZklaSHc,IMG_20161224_084350.jpg,image/jpeg,http://drive.google.com/uc?id=0ByUaaq_P8qz7T2FuME9zZklaSHc
0ByUaaq_P8qz7T1h3amt0emlwS0U,IMG_20170109_125615.jpg,image/jpeg,http://drive.google.com/uc?id=0ByUaaq_P8qz7T1h3amt0emlwS0U
0ByUaaq_P8qz7TkNTcXl6WW9uaFk,IMG_20171007_174411.jpg,image/jpeg,http://drive.google.com/uc?id=0ByUaaq_P8qz7TkNTcXl6WW9uaFk
0ByUaaq_P8qz7Sk96OEpPaE5mZlk,IMG_20170927_171706.jpg,image/jpeg,http://drive.google.com/uc?id=0ByUaaq_P8qz7Sk96OEpPaE5mZlk
0ByUaaq_P8qz7SktyRG1KT0dGVDQ,IMG_20170923_112202.jpg,image/jpeg,http://drive.google.com/uc?id=0ByUaaq_P8qz7SktyRG1KT0dGVDQ
0ByUaaq_P8qz7S2VnQ2RwMnoyZE0,IMG_20170923_112125.jpg,image/jpeg,http://drive.google.com/uc?id=0ByUaaq_P8qz7S2VnQ2RwMnoyZE0
0ByUaaq_P8qz7SjZvSndIWk9sb0k,IMG_20170109_125503.jpg,image/jpeg,http://drive.google.com/uc?id=0ByUaaq_P8qz7SjZvSndIWk9sb0k
0ByUaaq_P8qz7SjYwaDN0VzhuVnc,IMG_20161225_161440.jpg,image/jpeg,http://drive.google.com/uc?id=0ByUaaq_P8qz7SjYwaDN0VzhuVnc
0ByUaaq_P8qz7SWFUZUh6R2pucWc,IMG_20161225_163953.jpg,image/jpeg,http://drive.google.com/uc?id=0ByUaaq_P8qz7SWFUZUh6R2pucWc
0ByUaaq_P8qz7STEwRHFIWHRLZGs,IMG_20170927_171650.jpg,image/jpeg,http://drive.google.com/uc?id=0ByUaaq_P8qz7STEwRHFIWHRLZGs
0ByUaaq_P8qz7RzlleFdkcF9ub3M,IMG_20161224_181703.jpg,image/jpeg,http://drive.google.com/uc?id=0ByUaaq_P8qz7RzlleFdkcF9ub3M
0ByUaaq_P8qz7R2k3VDVGQTZRU1k,IMG_20170927_172306.jpg,image/jpeg,http://drive.google.com/uc?id=0ByUaaq_P8qz7R2k3VDVGQTZRU1k
0ByUaaq_P8qz7R0JKZEVKSDdfU1U,IMG_20170923_112213.jpg,image/jpeg,http://drive.google.com/uc?id=0ByUaaq_P8qz7R0JKZEVKSDdfU1U
0ByUaaq_P8qz7RFVXWmlpNThVcEk,IMG_20161225_161418.jpg,image/jpeg,http://drive.google.com/uc?id=0ByUaaq_P8qz7RFVXWmlpNThVcEk
0ByUaaq_P8qz7Q3lSUFloODRJcGc,IMG_20161225_164002-2.jpg,image/jpeg,http://drive.google.com/uc?id=0ByUaaq_P8qz7Q3lSUFloODRJcGc
0ByUaaq_P8qz7Q3NYam1vY1ZSd3M,IMG_20170923_112116.jpg,image/jpeg,http://drive.google.com/uc?id=0ByUaaq_P8qz7Q3NYam1vY1ZSd3M
0ByUaaq_P8qz7Q21aNjZDdVdpZ00,IMG_20170923_112131.jpg,image/jpeg,http://drive.google.com/uc?id=0ByUaaq_P8qz7Q21aNjZDdVdpZ00
0ByUaaq_P8qz7Q1VlWW9hVmNZV3M,IMG_20161224_084334.jpg,image/jpeg,http://drive.google.com/uc?id=0ByUaaq_P8qz7Q1VlWW9hVmNZV3M
0ByUaaq_P8qz7OVFxeEEwam8xTzA,IMG_20170109_125557.jpg,image/jpeg,http://drive.google.com/uc?id=0ByUaaq_P8qz7OVFxeEEwam8xTzA
0ByUaaq_P8qz7NkVHNjlrb2lGZEU,IMG_20171007_184155.jpg,image/jpeg,http://drive.google.com/uc?id=0ByUaaq_P8qz7NkVHNjlrb2lGZEU
0ByUaaq_P8qz7NVl3VTNod0ZjS0U,IMG_20170923_112257.jpg,image/jpeg,http://drive.google.com/uc?id=0ByUaaq_P8qz7NVl3VTNod0ZjS0U
0ByUaaq_P8qz7NUd3UU8ySjdROUU,IMG_20171007_184134.jpg,image/jpeg,http://drive.google.com/uc?id=0ByUaaq_P8qz7NUd3UU8ySjdROUU
0ByUaaq_P8qz7N1BsNFhlamRiTWc,IMG_20161224_180351.jpg,image/jpeg,http://drive.google.com/uc?id=0ByUaaq_P8qz7N1BsNFhlamRiTWc
0ByUaaq_P8qz7NU1rOXVVUXU3eGM,IMG_20171007_184147.jpg,image/jpeg,http://drive.google.com/uc?id=0ByUaaq_P8qz7NU1rOXVVUXU3eGM
0ByUaaq_P8qz7NThpbWxmWURpZzQ,IMG_20170225_180525.jpg,image/jpeg,http://drive.google.com/uc?id=0ByUaaq_P8qz7NThpbWxmWURpZzQ
0ByUaaq_P8qz7MzJGb19JQjBCUEE,IMG_20161225_164002-1.jpg,image/jpeg,http://drive.google.com/uc?id=0ByUaaq_P8qz7MzJGb19JQjBCUEE
0ByUaaq_P8qz7Mkt3RzNVeXh4Z1U,IMG_20170923_112209.jpg,image/jpeg,http://drive.google.com/uc?id=0ByUaaq_P8qz7Mkt3RzNVeXh4Z1U
0ByUaaq_P8qz7MkdFbnh4VHk3V0E,IMG_20161224_181601.jpg,image/jpeg,http://drive.google.com/uc?id=0ByUaaq_P8qz7MkdFbnh4VHk3V0E
0ByUaaq_P8qz7MURtclhyS1RfeHc,IMG_20171007_184152.jpg,image/jpeg,http://drive.google.com/uc?id=0ByUaaq_P8qz7MURtclhyS1RfeHc
0ByUaaq_P8qz7MEJyQ05jMTNvenM,IMG_20170923_112259.jpg,image/jpeg,http://drive.google.com/uc?id=0ByUaaq_P8qz7MEJyQ05jMTNvenM
0ByUaaq_P8qz7V1ZJM3dhMFBNMzQ,IMG_20171007_174707.jpg,image/jpeg,http://drive.google.com/uc?id=0ByUaaq_P8qz7V1ZJM3dhMFBNMzQ
0ByUaaq_P8qz7eG9mc3FkV1BkR28,timage.jpg,image/jpeg,http://drive.google.com/uc?id=0ByUaaq_P8qz7eG9mc3FkV1BkR28
0ByUaaq_P8qz7VkJLSmkyMGhRaEE,IMG_20171007_175015.jpg,image/jpeg,http://drive.google.com/uc?id=0ByUaaq_P8qz7VkJLSmkyMGhRaEE
0ByUaaq_P8qz7d0ZrbjFtc3FuMDg,IMG_20171007_175008.jpg,image/jpeg,http://drive.google.com/uc?id=0ByUaaq_P8qz7d0ZrbjFtc3FuMDg
0ByUaaq_P8qz7d0hfSldfRXdzVVk,IMG_20171007_174715.jpg,image/jpeg,http://drive.google.com/uc?id=0ByUaaq_P8qz7d0hfSldfRXdzVVk
0ByUaaq_P8qz7MENIaVltbjBsMnM,IMG_20171007_175011.jpg,image/jpeg,http://drive.google.com/uc?id=0ByUaaq_P8qz7MENIaVltbjBsMnM
0ByUaaq_P8qz7Y3B4RjQ2RkdrV1k,IMG_20171007_174653.jpg,image/jpeg,http://drive.google.com/uc?id=0ByUaaq_P8qz7Y3B4RjQ2RkdrV1k
0ByUaaq_P8qz7R0RyVGF3V0FNWkE,IMG_20171007_175005.jpg,image/jpeg,http://drive.google.com/uc?id=0ByUaaq_P8qz7R0RyVGF3V0FNWkE
0ByUaaq_P8qz7ODlJNkhqbjY5NnM,IMG_20171007_174733.jpg,image/jpeg,http://drive.google.com/uc?id=0ByUaaq_P8qz7ODlJNkhqbjY5NnM
0ByUaaq_P8qz7cmxPYkNDYzJMZ1U,IMG_20171007_174741.jpg,image/jpeg,http://drive.google.com/uc?id=0ByUaaq_P8qz7cmxPYkNDYzJMZ1U
0ByUaaq_P8qz7VlFXM1VlcFJ5TUk,IMG_20171007_175132.jpg,image/jpeg,http://drive.google.com/uc?id=0ByUaaq_P8qz7VlFXM1VlcFJ5TUk
0ByUaaq_P8qz7aTY0SHNncEZ3bEk,IMG_20171007_175127.jpg,image/jpeg,http://drive.google.com/uc?id=0ByUaaq_P8qz7aTY0SHNncEZ3bEk
0ByUaaq_P8qz7SUY2UkJ5aUdLaGs,IMG_20171007_175123.jpg,image/jpeg,http://drive.google.com/uc?id=0ByUaaq_P8qz7SUY2UkJ5aUdLaGs
0ByUaaq_P8qz7UE9reHlYVkpLZm8,IMG_20171007_175115.jpg,image/jpeg,http://drive.google.com/uc?id=0ByUaaq_P8qz7UE9reHlYVkpLZm8
0ByUaaq_P8qz7cTA1UmVCZTBFeDA,IMG_20171007_174648.jpg,image/jpeg,http://drive.google.com/uc?id=0ByUaaq_P8qz7cTA1UmVCZTBFeDA
0ByUaaq_P8qz7b19PbVR3ZlgwQTQ,IMG_20171007_174908.jpg,image/jpeg,http://drive.google.com/uc?id=0ByUaaq_P8qz7b19PbVR3ZlgwQTQ
0ByUaaq_P8qz7eUQybzJ6WTNNcTA,IMG_20171007_174738.jpg,image/jpeg,http://drive.google.com/uc?id=0ByUaaq_P8qz7eUQybzJ6WTNNcTA
0ByUaaq_P8qz7M3k0ZEVad2tILXM,IMG_20171007_175020.jpg,image/jpeg,http://drive.google.com/uc?id=0ByUaaq_P8qz7M3k0ZEVad2tILXM
0ByUaaq_P8qz7STl1VzhGZnJxSE0,IMG_20171007_175032.jpg,image/jpeg,http://drive.google.com/uc?id=0ByUaaq_P8qz7STl1VzhGZnJxSE0
0ByUaaq_P8qz7M2FaejViUGM3ZDQ,IMG_20171007_174740.jpg,image/jpeg,http://drive.google.com/uc?id=0ByUaaq_P8qz7M2FaejViUGM3ZDQ
0ByUaaq_P8qz7LVBSRTNkRkl4OXc,IMG_20171007_174736.jpg,image/jpeg,http://drive.google.com/uc?id=0ByUaaq_P8qz7LVBSRTNkRkl4OXc
0ByUaaq_P8qz7bkhPWlZHTW1VZGc,IMG_20171007_174852.jpg,image/jpeg,http://drive.google.com/uc?id=0ByUaaq_P8qz7bkhPWlZHTW1VZGc
0ByUaaq_P8qz7N2kxSjJYUE1mUWc,IMG_20171007_175024.jpg,image/jpeg,http://drive.google.com/uc?id=0ByUaaq_P8qz7N2kxSjJYUE1mUWc
0ByUaaq_P8qz7aDBtRlUzRU1fRkU,IMG_20171007_175031.jpg,image/jpeg,http://drive.google.com/uc?id=0ByUaaq_P8qz7aDBtRlUzRU1fRkU
0ByUaaq_P8qz7ajdWRlRrSUZ5dEE,IMG_20171007_175029.jpg,image/jpeg,http://drive.google.com/uc?id=0ByUaaq_P8qz7ajdWRlRrSUZ5dEE
0ByUaaq_P8qz7RTlDQUQ3S0lMak0,IMG_20171007_174906.jpg,image/jpeg,http://drive.google.com/uc?id=0ByUaaq_P8qz7RTlDQUQ3S0lMak0
0ByUaaq_P8qz7ejZHdExoanh5NTg,IMG_20171007_174854.jpg,image/jpeg,http://drive.google.com/uc?id=0ByUaaq_P8qz7ejZHdExoanh5NTg
0ByUaaq_P8qz7bTFoVnVKRTN1RTg,IMG_20171007_174904.jpg,image/jpeg,http://drive.google.com/uc?id=0ByUaaq_P8qz7bTFoVnVKRTN1RTg
0ByUaaq_P8qz7aFk5RVlaWFJ2dHM,IMG_20171007_175109.jpg,image/jpeg,http://drive.google.com/uc?id=0ByUaaq_P8qz7aFk5RVlaWFJ2dHM
0ByUaaq_P8qz7WjdTb1ZLRURoQm8,IMG_20171007_175129.jpg,image/jpeg,http://drive.google.com/uc?id=0ByUaaq_P8qz7WjdTb1ZLRURoQm8
0ByUaaq_P8qz7NVI2Wk82cjV6eDQ,IMG_20171007_174858.jpg,image/jpeg,http://drive.google.com/uc?id=0ByUaaq_P8qz7NVI2Wk82cjV6eDQ
0ByUaaq_P8qz7VGxBZ0NqX0NWeUU,IMG_20171007_174900.jpg,image/jpeg,http://drive.google.com/uc?id=0ByUaaq_P8qz7VGxBZ0NqX0NWeUU
0ByUaaq_P8qz7VmlGdENUX0dDTnc,IMG_20171007_174720.jpg,image/jpeg,http://drive.google.com/uc?id=0ByUaaq_P8qz7VmlGdENUX0dDTnc
0ByUaaq_P8qz7cTRtVmlTX1R1YjA,IMG_20171007_163150.jpg,image/jpeg,http://drive.google.com/uc?id=0ByUaaq_P8qz7cTRtVmlTX1R1YjA
0ByUaaq_P8qz7S3BhaGF2NmR0c0k,IMG_20171007_174728.jpg,image/jpeg,http://drive.google.com/uc?id=0ByUaaq_P8qz7S3BhaGF2NmR0c0k
0ByUaaq_P8qz7VmNhQkZVTzI0T28,IMG_20160709_122830.jpg,image/jpeg,http://drive.google.com/uc?id=0ByUaaq_P8qz7VmNhQkZVTzI0T28
0ByUaaq_P8qz7M2lySHB5ZWJvclE,IMG_20160709_122830.jpg,image/jpeg,http://drive.google.com/uc?id=0ByUaaq_P8qz7M2lySHB5ZWJvclE
11V68-3VLPEH5X8S38XCscRZywollWL4h,IMG-20180603-WA0004.jpg,image/jpeg,http://drive.google.com/uc?id=11V68-3VLPEH5X8S38XCscRZywollWL4h
10oPrtekoHCEbmRzR9368DxajWuuMFp3k,IMG-20180603-WA0004.jpg,image/jpeg,http://drive.google.com/uc?id=10oPrtekoHCEbmRzR9368DxajWuuMFp3k
1rAx8JdH7CiorjgwHilg0jHREWh-rC7tF,LRM_EXPORT_20180403_210541.jpg,image/jpeg,http://drive.google.com/uc?id=1rAx8JdH7CiorjgwHilg0jHREWh-rC7tF
0ByUaaq_P8qz7MW5Sc0ZrOE05NkE,IMG_20171007_175026.jpg,image/jpeg,http://drive.google.com/uc?id=0ByUaaq_P8qz7MW5Sc0ZrOE05NkE
0ByUaaq_P8qz7UjFiZEFEOUZsRlk,IMG_20160709_123455.jpg,image/jpeg,http://drive.google.com/uc?id=0ByUaaq_P8qz7UjFiZEFEOUZsRlk
0ByUaaq_P8qz7TmVtZFJaMDMxMVk,IMG_20161224_084306.jpg,image/jpeg,http://drive.google.com/uc?id=0ByUaaq_P8qz7TmVtZFJaMDMxMVk
1VfAETWq0VFshay7kaSLj7bAT1HMiKVcS,IMG-20180218-WA0077.jpg,image/jpeg,http://drive.google.com/uc?id=1VfAETWq0VFshay7kaSLj7bAT1HMiKVcS
0ByUaaq_P8qz7QkFJMy1JX0FDanc,Salome 20170420_221638.jpg,image/jpeg,http://drive.google.com/uc?id=0ByUaaq_P8qz7QkFJMy1JX0FDanc
